"","Min.","1st Qu.","Median","Mean","3rd Qu.","Max.","sd"
"seq1_age",8,22,25,26.9048625792812,30,73,7.45538319690304
"seq_frnd_cnt",0,3,9,20.7057082452431,21,726,41.626975204726
"seq_songsListened",0,4926,15335,26666.8033826638,34895,442774,35404.8508399959
"seq_shouts",0,1,4,40.1572938689218,17,4538,172.410966118808
"seq_playlists",0,0,1,0.872727272727273,1,25,1.71988112330348
"seq_lovedTracks",0,23,81,201.396617336152,217,8123,397.161807932989
"seq_posts",0,0,0,11.6596194503171,1,8506,189.961454138019
"seq_sub_friend_cnt",0,0,0,0.831712473572939,1,28,2.12799222639594
"seq_tenure_mon",4,30,45,44.7517970401691,60,108,20.0325380925428
