"","Min.","1st Qu.","Median","Mean","3rd Qu.","Max.","sd"
"seq_delta1_playlists",0,0,0,0.013107822410148,0,3,0.131040443869356
"seq_delta1_lovedTracks",0,0,0,10.9353065539112,6,688,39.4472012238134
"seq_delta1_post",0,0,0,0.145877378435518,0,96,2.49573852570338
"seq_delta1_friend_cnt",0,0,0,1.35052854122622,1,83,4.63299484329391
"seq_delta1_songsListened",0,6,519,1577.52980972516,2074,64958,3064.02356080962
"seq_delta1_subscriber_friend_cnt",0,0,0,0.167864693446089,0,6,0.531717246678492
